Coin,Comments,Followers,PageViews,Posts,REDDIT_active_users,REDDIT_comments_per_day,REDDIT_comments_per_hour,REDDIT_community_creation,REDDIT_posts_per_day,REDDIT_posts_per_hour,REDDIT_subscribers,TWITTER_favourites,TWITTER_followers,TWITTER_following,TWITTER_statuses,Sentiment_addressesNetGrowth,Sentiment_concentrationVar,Sentiment_inOutVar,Sentiment_largetxsVar
BTC,486117,100190,63133461,147142,3788,5748.5,239.52,1284042626,116.32,4.85,3630332,1000,844049,165,20316,bearish,bullish,bearish,bearish
ETH,92014,87240,29791026,36883,1175,1065.88,44.41,1387037735,44.33,1.85,1172292,2192,1922574,0,3191,bearish,bullish,neutral,bearish
BNB,806,7733,926181,752,642,486.1,20.25,1498873536,65.34,2.72,729729,3409,6455774,461,18321,-,-,-,-
USDT,223,2634,270056,268,-,-,-,-,-,-,-,433,175726,369,583,neutral,bearish,bearish,bearish
SOL,217,2674,163998,149,-,-,-,-,-,-,-,-,-,-,-,-,-,-,-
ADA,14726,16604,2947732,6909,774,770.53,32.11,1490258606,53.23,2.22,667105,2133,1023376,209,4650,bullish,bearish,neutral,bearish
XRP,252389,60771,29527296,72234,228,170.95,7.12,1255535144,3.17,0.13,339607,4844,2274909,930,7870,-,-,-,-
USDC,6,270,20589,13,-,-,-,-,-,-,-,2,2559,85,128,neutral,bearish,bearish,bearish
DOT,425,4442,272752,333,65,88.39,3.68,1340009924,12.12,0.5,67433,25,7126,1,1,-,-,-,-
DOGE,6456,18064,2777907,4327,1949,5661.86,235.91,1386506171,389.03,16.21,2231459,56,2603983,11,863,bearish,bearish,neutral,bearish
AVAX,25,937,58859,35,131,361.48,15.06,1485623474,24.7,1.03,25037,8307,434515,358,4904,-,-,-,-
LUNA,16,897,54651,25,-,-,-,-,-,-,-,-,-,-,-,-,-,-,-
SHIB,1507,3171,491753,928,2076,3644.03,151.83,1596479250,49.73,2.07,445074,-,-,-,-,-,-,-,-
CRO,124,1121,53487,71,-,-,-,-,-,-,-,-,-,-,-,bullish,neutral,bearish,bearish
MATIC,211,2475,252278,211,-,-,-,-,-,-,-,-,-,-,-,bullish,neutral,bullish,bearish
BUSD,10,346,15735,11,-,-,-,-,-,-,-,-,-,-,-,-,-,-,-
WBTC,2,78,12535,4,-,-,-,-,-,-,-,-,-,-,-,neutral,bearish,bearish,bearish
LTC,24124,49712,10445500,13947,270,195.93,8.16,1318615591,4.61,0.19,351730,721,856679,25,1416,neutral,bullish,bearish,bearish
UNI,224,1613,132290,172,79,54.5,2.27,1369594563,12.84,0.53,58329,1175,705993,90,1053,-,-,-,-
ALGO,118,1247,143655,174,-,-,-,-,-,-,-,-,-,-,-,-,-,-,-
LINK,951,5194,649820,713,75,12.38,0.52,1270493371,5.74,0.24,72716,38,591833,122,1896,bearish,neutral,bearish,bearish
BCH,16907,25084,6102800,11372,74,82.95,3.46,1415605312,14.72,0.61,91252,0,15,2,2,bearish,bullish,bearish,bearish
TRX,23093,12561,4046908,11697,123,31.7,1.32,1503462457,4.19,0.17,120800,1192,1201103,304,8501,-,-,-,-
UST,1,12,524,3,-,-,-,-,-,-,-,1098,204405,402,4376,-,-,-,-
XLM,29912,18545,4205494,13050,149,100.11,4.17,1324757077,5.79,0.24,207905,3882,698017,346,4091,-,-,-,-
AXS,32,534,44684,27,-,-,-,-,-,-,-,-,-,-,-,-,-,-,-
MANA,284,1945,250619,319,378,720.48,30.02,1433357813,28.56,1.19,67270,6341,354450,420,4055,bullish,bearish,bearish,bearish
ICP,43,451,42626,57,-,-,-,-,-,-,-,-,-,-,-,-,-,-,-
VET,553,4516,580918,557,207,219.47,9.14,1506540898,4.72,0.2,217817,708,483895,130,1596,bearish,neutral,bearish,bearish
ATOM,109,1618,191650,100,5,0.06,0,1342141508,0.04,0,446,5573,263146,377,3277,-,-,-,-
EGLD,29,741,71304,57,61,177.14,7.38,1527584436,9.84,0.41,13418,1972,374760,227,2363,-,-,-,-
DAI,1,182,10255,1,44,21.04,0.88,1439686647,3.32,0.14,31990,1326,190903,258,3050,neutral,bullish,bearish,bearish
FTT,3,262,12065,5,-,-,-,-,-,-,-,-,-,-,-,bullish,neutral,bearish,bearish
FIL,82,1199,97622,62,-,-,-,-,-,-,-,654,125298,9,2978,-,-,-,-
THETA,99,1245,114785,79,91,105.07,4.38,1544053933,12.55,0.52,26430,393,211175,108,1403,bearish,neutral,neutral,bearish
ETC,3515,16640,2618662,2529,81,47.05,1.96,1468553533,4.34,0.18,62316,20353,582508,555,8274,bearish,neutral,neutral,bearish
BTCB,2,27,6203,7,-,-,-,-,-,-,-,-,-,-,-,-,-,-,-
HBAR,36,504,67072,29,49,3.52,0.15,1467129666,1.78,0.07,31834,1,14675,1,356,-,-,-,-
SAND,25,733,54394,29,-,-,-,-,-,-,-,6412,393759,1134,10125,-,-,-,-
NEAR,-,209,9969,2,-,-,-,-,-,-,-,-,-,-,-,-,-,-,-
FTM,52,692,65919,42,78,186.33,7.76,1521783004,34,1.42,23350,2448,119328,167,2122,bullish,neutral,bearish,bearish
XMR,1811,29612,2809332,1649,385,491.86,20.49,1398300490,18.07,0.75,244138,1098,458770,12,5454,-,-,-,-
XTZ,2445,3472,1223171,1256,99,92.23,3.84,1466498933,13.75,0.57,64592,1941,221947,0,3126,-,-,-,-
GRT,97,791,96330,91,-,-,-,-,-,-,-,-,-,-,-,-,-,-,-
GALA,1,252,11993,7,-,-,-,-,-,-,-,2215,94869,129,1776,-,-,-,-
MIOTA,44174,19496,5536984,16545,184,191.63,7.98,1346895309,11.81,0.49,142722,0,1390,0,0,-,-,-,-
KLAY,-,34,3212,1,12,0.14,0.01,1531381895,0.47,0.02,1034,400,47116,237,524,-,-,-,-
EOS,7717,9404,1676075,4025,93,29.94,1.25,1302334457,10.64,0.44,96006,0,2296,0,1,-,-,-,-
FLOW,8,197,16345,5,-,-,-,-,-,-,-,-,-,-,-,-,-,-,-
HNT,32,316,16491,8,470,1965.42,81.89,1505392461,114.72,4.78,74073,9300,124079,1878,6211,-,-,-,-
LEO,3,37,4091,10,-,-,-,-,-,-,-,-,-,-,-,-,-,-,-
STX,5,172,10176,11,9,0.44,0.02,1434037303,0.31,0.01,2830,4554,95708,154,4412,bearish,bearish,neutral,bearish
CAKE,39,699,42845,54,-,-,-,-,-,-,-,-,-,-,-,-,-,-,-
LRC,63,763,110060,98,2211,6535.55,272.31,1508999778,277.67,11.57,76688,9470,101581,640,5095,bullish,bearish,neutral,bearish
AAVE,58,887,84331,49,34,3.19,0.13,1537256689,0.75,0.03,14338,2591,319734,31,3116,-,-,-,-
BTT,1353,2035,355943,669,11,0.28,0.01,1256785186,0.1,0,6464,3544,124924,2836,9268,-,-,-,-
KSM,22,461,29318,19,-,-,-,-,-,-,-,-,-,-,-,-,-,-,-
ZEC,2357,22679,3389134,1541,49,14.33,0.6,1472410914,2.41,0.1,21607,0,337,0,0,bearish,neutral,bearish,bearish
MKR,18,548,56620,44,44,21.03,0.88,1439686647,3.32,0.14,31990,1326,191679,258,3050,bearish,bullish,bearish,bearish
BSV,437,1052,300133,496,-,-,-,-,-,-,-,1204,12050,262,3556,bearish,neutral,bearish,bearish
ONE,55,569,56154,45,-,-,-,-,-,-,-,-,-,-,-,-,-,-,-
ENJ,228,2143,266136,256,74,59.18,2.47,1496801859,8.13,0.34,42659,0,394895,376,12171,neutral,bullish,bearish,bearish
XEC,5,135,12548,13,-,-,-,-,-,-,-,-,-,-,-,-,-,-,-
RUNE,3,335,23273,8,21,10.9,0.45,1533708032,3.38,0.14,8787,0,2912,1,1,-,-,-,-
NEO,10565,17140,2481131,4271,120,159.68,6.65,1218122013,7.43,0.31,115340,984,430250,55,2404,-,-,-,-
AMP,34,185,29736,90,-,-,-,-,-,-,-,127,34381,14,154,-,-,-,-
WAVES,297,6226,458972,367,47,3.93,0.16,1457522430,0.75,0.03,60007,2340,200716,18,6085,-,-,-,-
QNT,24,169,32373,12,47,88.31,3.68,1517002324,4.71,0.2,10594,831,22588,1158,1037,-,-,-,-
CHZ,57,1168,94857,91,-,-,-,-,-,-,-,11778,424088,697,8645,-,-,-,-
KDA,6,122,9815,2,52,222.61,9.28,1517352246,16.14,0.67,8023,-,-,-,-,-,-,-,-
KCS,66,606,54389,121,270,443.44,18.48,1506419741,74.46,3.1,100083,913,1210851,789,13605,bearish,neutral,neutral,bearish
HOT,425,1053,160671,347,28,11.49,0.48,1499783828,1.02,0.04,26076,2148,99302,1238,3449,-,-,-,-
CRV,36,418,39996,62,-,-,-,-,-,-,-,6920,212255,139,4667,-,-,-,-
BAT,552,3378,414754,833,157,230.38,9.6,1490078429,15.95,0.66,84641,925,237970,107,1131,bearish,neutral,bearish,bearish
AR,2,118,4508,7,-,-,-,-,-,-,-,-,-,-,-,-,-,-,-
DASH,1661,19361,2110205,1969,53,7.54,0.31,1426558267,2.75,0.11,43409,15242,419566,344,6600,bearish,bearish,bearish,bearish
CELO,8,208,28170,11,-,-,-,-,-,-,-,5509,71139,552,4183,-,-,-,-
TFUEL,9,361,43048,14,-,-,-,-,-,-,-,-,-,-,-,bearish,neutral,neutral,bearish
COMP,4,347,46163,23,-,-,-,-,-,-,-,2575,181340,51,764,-,-,-,-
OKB,25,278,22727,62,39,26.6,1.11,1505818738,5,0.21,12381,6341,396817,231,9594,bearish,neutral,neutral,bearish
HT,13,326,41696,32,8,0.78,0.03,1397735882,0.17,0.01,1642,38831,779444,24965,10101,bearish,neutral,neutral,bearish
NEXO,28,384,33222,35,93,284,11.83,1412259105,17.38,0.72,26152,9949,116735,1329,3583,bearish,neutral,neutral,bearish
DCR,84,1937,214889,116,30,6.92,0.29,1392669759,0.9,0.04,12423,3627,49683,0,2573,-,-,-,-
XEM,510,5373,634093,492,35,1.13,0.05,1390667346,0.48,0.02,22513,1722,376850,0,7584,-,-,-,-
IOTX,61,277,48624,52,97,94.02,3.92,1517338306,15.39,0.64,15618,3663,148092,110,2787,neutral,neutral,bullish,bearish
QTUM,299,2609,353311,332,30,1.45,0.06,1484626125,0.54,0.02,17559,10,426,36,73,-,-,-,-
MINA,8,140,12554,20,-,-,-,-,-,-,-,3407,139075,662,1197,-,-,-,-
TUSD,10,227,20359,21,-,-,-,-,-,-,-,291,17387,309,625,neutral,bullish,bearish,bearish
1INCH,6,510,29101,22,-,-,-,-,-,-,-,-,-,-,-,-,-,-,-
VGX,81,1007,112929,93,70,214.55,8.94,1553091099,10.43,0.43,9764,7115,128136,1124,5728,-,-,-,-
IMX,-,-,30,-,-,-,-,-,-,-,-,-,-,-,-,-,-,-,-
ZEN,90,1045,149074,114,18,3.06,0.13,1434420085,1.26,0.05,8918,10340,128861,943,8744,-,-,-,-
AUDIO,4,161,12061,8,-,-,-,-,-,-,-,-,-,-,-,-,-,-,-
RVN,301,1282,270067,254,-,-,-,-,-,-,-,2300,78834,145,3880,-,-,-,-
XDC,3,167,17436,10,28,11.06,0.46,1497161058,2.38,0.1,7219,3080,57971,572,1101,-,-,-,-
ROSE,4,147,13968,7,-,-,-,-,-,-,-,-,-,-,-,-,-,-,-
OMG,2399,6656,1359170,1496,11,0.2,0.01,1487188058,0.6,0.03,43748,0,2802,0,1,bearish,bearish,bearish,bearish
ANKR,22,364,44119,56,-,-,-,-,-,-,-,-,-,-,-,neutral,bullish,bearish,bearish
ICX,210,1732,273918,265,59,22.75,0.95,1502843675,4.63,0.19,34504,3981,150133,147,3038,-,-,-,-
WAXP,53,456,60725,76,44,29.84,1.24,1512596194,4.87,0.2,6050,17179,215669,1087,10193,-,-,-,-
